course_id,section_id,university,department
105979080,105966960,Troy University,ACT
105979080,105966961,Troy University,ACT
105979080,105966962,Troy University,ACT
105979081,105966963,Troy University,ACT
105979081,105966964,Troy University,ACT
105979081,105966965,Troy University,ACT
105979082,105966966,Troy University,ACT
105979083,105966967,Troy University,ACT
105979083,105966968,Troy University,ACT
105979084,105966969,Troy University,ACT
105979085,105966970,Troy University,ACT
105979086,105966971,Troy University,ACT
105979087,105967126,Troy University,ACT
105979088,105967127,Troy University,ACT
105979089,105967128,Troy University,ACT
105979090,105967129,Troy University,ACT
105979091,105967130,Troy University,ACT
105979092,105967131,Troy University,ACT
105979093,105967132,Troy University,ACT
105979094,105967133,Troy University,ACT
105979095,105967134,Troy University,ACT
105979096,105967135,Troy University,ACT
105979097,105967136,Troy University,ACT
105076415,105062354,Troy University,ADJ
105076414,105062355,Troy University,ADJ
106723836,106716081,Troy University,ADJ
105076413,105062356,Troy University,ADJ
105076412,105062357,Troy University,ANT
105076412,105062358,Troy University,ANT
105076411,105062359,Troy University,ANT
105076410,105062360,Troy University,ANT
105076409,105062361,Troy University,ANT
105076408,105062362,Troy University,ANT
105979098,105967137,Troy University,ANT
105076407,105062363,Troy University,ANT
105076406,105062364,Troy University,ANT
105076405,105062365,Troy University,ANT
107262995,107262046,Troy University,ANT
107262995,107832378,Troy University,ANT
107844575,107832379,Troy University,ANT
106861626,106849422,Troy University,ANT
106861627,106849423,Troy University,ANT
107172283,107164761,Troy University,ANT
105076404,105062366,Troy University,ART
105076404,105062367,Troy University,ART
105076404,105062368,Troy University,ART
105076404,105062369,Troy University,ART
105076404,105062370,Troy University,ART
105076404,105062372,Troy University,ART
105076404,105062373,Troy University,ART
105076404,105062374,Troy University,ART
105076403,105062375,Troy University,ART
105076403,105062376,Troy University,ART
105076402,105062377,Troy University,ART
105076402,105062378,Troy University,ART
105076401,105062379,Troy University,ART
105076401,105062380,Troy University,ART
105076400,105062381,Troy University,ART
105076399,105062382,Troy University,ART
105076398,105062383,Troy University,ART
105076398,105062384,Troy University,ART
105076398,105062385,Troy University,ART
105076397,105062386,Troy University,ART
105076397,105062387,Troy University,ART
105076396,105062388,Troy University,ART
105076396,105062389,Troy University,ART
105076395,105062390,Troy University,ART
105076394,105062391,Troy University,ART
105076393,105062392,Troy University,ART
105076392,105062393,Troy University,ART
105076391,105062394,Troy University,ART
105076390,105062395,Troy University,ART
105076389,105062396,Troy University,ART
105076388,105062397,Troy University,ART
105076387,105062398,Troy University,ART
105076386,105062399,Troy University,ART
105076385,105062400,Troy University,ART
105076384,105062401,Troy University,ART
105076383,105062402,Troy University,ART
105076382,105062403,Troy University,ART
105076381,105062404,Troy University,ART
105076380,105062405,Troy University,ART
105076379,105062406,Troy University,ART
105076378,105062407,Troy University,ART
105076377,105062408,Troy University,ART
105076376,105062409,Troy University,ART
105076375,105062410,Troy University,ART
105076374,105062411,Troy University,ART
105076373,105062412,Troy University,ART
105076372,105062413,Troy University,ART
105076371,105062414,Troy University,ART
106941699,106936146,Troy University,ART
106861628,106849424,Troy University,ART
105076370,105062415,Troy University,ART
105076370,105062416,Troy University,ART
105076369,105062417,Troy University,ART
105076368,105062418,Troy University,AS
105076367,105062419,Troy University,AS
105076366,105062420,Troy University,AS
105076365,105062421,Troy University,AS
105076364,105062422,Troy University,AS
105076363,105062423,Troy University,AS
105076362,105062424,Troy University,AS
105076361,105062425,Troy University,AS
105076360,105062426,Troy University,ASL
105076360,105062427,Troy University,ASL
105076359,105062428,Troy University,ASL
105076358,105062429,Troy University,ASL
105979099,105967138,Troy University,AT
105979100,105967139,Troy University,AT
105979101,105967140,Troy University,AT
105979102,105967141,Troy University,BIO
105979102,105967142,Troy University,BIO
105979102,105967143,Troy University,BIO
105979102,105967144,Troy University,BIO
105979102,105967145,Troy University,BIO
105979102,105967146,Troy University,BIO
105979103,105967147,Troy University,BIO
105979103,105967148,Troy University,BIO
105979104,105967149,Troy University,BIO
105979104,105967150,Troy University,BIO
105979105,105967151,Troy University,BIO
105979105,105967152,Troy University,BIO
105979106,105967153,Troy University,BIO
105979106,105967154,Troy University,BIO
105979107,105967155,Troy University,BIO
105979108,105967156,Troy University,BIO
105979109,105967157,Troy University,BIO
105979109,105967158,Troy University,BIO
105979110,105967159,Troy University,BIO
106814712,106794657,Troy University,BIO
105979111,105967160,Troy University,BIO
105979112,105967161,Troy University,BIO
105979112,105967162,Troy University,BIO
105979113,105967163,Troy University,BIO
105979113,105967164,Troy University,BIO
105979114,105967165,Troy University,BIO
105979115,105967166,Troy University,BIO
105979116,105967167,Troy University,BIO
105979117,105967168,Troy University,BIO
105979118,105967169,Troy University,BIO
105979119,105967170,Troy University,BIO
105979120,105967171,Troy University,BIO
105979120,107261986,Troy University,BIO
105979303,105967172,Troy University,BIO
105979304,105967173,Troy University,BIO
105076357,105062476,Troy University,BIO
105979305,105967174,Troy University,BIO
105979305,106924795,Troy University,BIO
105979306,105967175,Troy University,BIO
105979307,105967176,Troy University,BIO
105979308,105967177,Troy University,BIO
105979308,105966831,Troy University,BIO
107844576,107832322,Troy University,BIO
105979309,105966832,Troy University,BIO
105979309,107832323,Troy University,BIO
107844577,107832324,Troy University,BIO
106723835,106716082,Troy University,BIO
106723835,106716083,Troy University,BIO
106723835,107116569,Troy University,BIO
106723835,107164762,Troy University,BIO
106723835,107832325,Troy University,BIO
107844578,107832326,Troy University,BIO
107844578,107832327,Troy University,BIO
107172303,107164763,Troy University,BIO
107172303,107832328,Troy University,BIO
105979310,105966833,Troy University,BIO
105979311,105966834,Troy University,BIO
105979312,105966835,Troy University,BIO
105979312,107261987,Troy University,BIO
105979313,105966836,Troy University,BIO
105979314,105966837,Troy University,BIO
105979315,105966838,Troy University,BIO
107844579,107832329,Troy University,BIO
105979316,105966839,Troy University,BIO
105979317,105966840,Troy University,BIO
105979317,105966841,Troy University,BIO
105979318,105966842,Troy University,BIO
106929039,106924796,Troy University,BIO
106929039,106924797,Troy University,BIO
106929039,107261988,Troy University,BIO
106929039,107504774,Troy University,BIO
106929039,107832330,Troy University,BIO
106929039,107832331,Troy University,BIO
105979319,105966861,Troy University,BIO
105979319,105966862,Troy University,BIO
105979319,105966863,Troy University,BIO
105979319,105966864,Troy University,BIO
105979319,105966865,Troy University,BIO
105979319,105966866,Troy University,BIO
105979319,105966867,Troy University,BIO
105979319,105966843,Troy University,BIO
105979319,105966844,Troy University,BIO
105979319,105966845,Troy University,BIO
105979319,105966846,Troy University,BIO
105979319,105966847,Troy University,BIO
105979319,105966848,Troy University,BIO
105979319,105966849,Troy University,BIO
105979319,105966850,Troy University,BIO
105979319,105966851,Troy University,BIO
105979319,105966852,Troy University,BIO
105979319,105966853,Troy University,BIO
105979319,105966854,Troy University,BIO
105979319,105966855,Troy University,BIO
105979319,105966856,Troy University,BIO
105979319,105966857,Troy University,BIO
105979319,105966858,Troy University,BIO
105979319,105966859,Troy University,BIO
105979319,105966860,Troy University,BIO
105979320,105966868,Troy University,BIO
105979320,105966869,Troy University,BIO
105979320,105966870,Troy University,BIO
105979320,105966871,Troy University,BIO
105979321,105966872,Troy University,BIO
105979321,105966873,Troy University,BIO
105979321,105966874,Troy University,BIO
105979321,105966875,Troy University,BIO
105979321,105966876,Troy University,BIO
105979322,105966877,Troy University,BIO
105979322,105966878,Troy University,BIO
105979322,105966879,Troy University,BIO
105979323,105966880,Troy University,BIO
106893987,106888641,Troy University,BIO
105979324,105966881,Troy University,BIO
105979325,105966882,Troy University,BIO
105979325,105966883,Troy University,BIO
105979325,105966884,Troy University,BIO
105979325,105966885,Troy University,BIO
105979325,105966886,Troy University,BIO
105979325,105966887,Troy University,BIO
105979326,105966888,Troy University,BIO
105979326,105966979,Troy University,BIO
105979326,105966980,Troy University,BIO
105979326,105966981,Troy University,BIO
105979327,105966982,Troy University,BIO
105979327,105966983,Troy University,BIO
105979327,105966984,Troy University,BIO
105979327,105966985,Troy University,BIO
105979327,105966986,Troy University,BIO
105979328,105966987,Troy University,BIO
105979328,105966988,Troy University,BIO
105979329,105966989,Troy University,BIO
105979330,105966990,Troy University,BIO
105979331,105966991,Troy University,BIO
105979331,105966992,Troy University,BIO
105979332,105966993,Troy University,BIO
105979332,105966994,Troy University,BIO
105979333,105966995,Troy University,BIO
105979334,105966996,Troy University,BIO
105979335,105966997,Troy University,BIO
105979335,105966998,Troy University,BIO
105979336,105966999,Troy University,BMS
105979337,105967000,Troy University,BMS
105979338,105967001,Troy University,BMS
105979339,105967002,Troy University,BUS
105979340,105967003,Troy University,BUS
105979340,105967004,Troy University,BUS
105979340,105967005,Troy University,BUS
105979341,105967006,Troy University,BUS
105979342,105967007,Troy University,BUS
105979343,105967008,Troy University,BUS
105979343,105967009,Troy University,BUS
105979343,105967010,Troy University,BUS
105979344,105967011,Troy University,BUS
105979344,105967012,Troy University,BUS
107107272,107104500,Troy University,BUS
105979345,105967013,Troy University,BUS
105979345,105967014,Troy University,BUS
105979346,105967015,Troy University,BUS
105979347,105967016,Troy University,BUS
105979348,105967017,Troy University,BUS
105979349,105967018,Troy University,BUS
105979349,105967019,Troy University,BUS
105979350,105967020,Troy University,BUS
105979350,105967021,Troy University,BUS
105979351,105967022,Troy University,BUS
106893988,106888642,Troy University,BUS
105979352,105967023,Troy University,BUS
105979353,105967024,Troy University,BUS
107539386,107538188,Troy University,BUS
105076140,105062515,Troy University,CHI
105979356,105967027,Troy University,CHM
105979356,105967028,Troy University,CHM
105979356,105967029,Troy University,CHM
105979356,105967030,Troy University,CHM
105979356,105967031,Troy University,CHM
105979357,105967032,Troy University,CHM
105979357,105967033,Troy University,CHM
105979358,105967034,Troy University,CHM
105979359,105967035,Troy University,CHM
105979360,105967036,Troy University,CHM
105979361,105966899,Troy University,CHM
105979362,105966900,Troy University,CHM
105979363,105966901,Troy University,CHM
105076139,105062516,Troy University,CHM
106861630,106849427,Troy University,CHM
106861630,107116570,Troy University,CHM
106861630,107688265,Troy University,CHM
106861630,107688266,Troy University,CHM
105979364,105966902,Troy University,CHM
105979364,105966903,Troy University,CHM
105979364,105966904,Troy University,CHM
105979364,105966905,Troy University,CHM
105979364,105966906,Troy University,CHM
105979364,105966907,Troy University,CHM
105979364,105966908,Troy University,CHM
105979364,105966909,Troy University,CHM
105979364,105966910,Troy University,CHM
105979364,105966911,Troy University,CHM
105979365,105966912,Troy University,CHM
105979365,105966913,Troy University,CHM
105979365,105966914,Troy University,CHM
105979365,105966915,Troy University,CHM
105979366,105966916,Troy University,CHM
105979366,105966917,Troy University,CHM
105979367,105966918,Troy University,CHM
105979367,105966919,Troy University,CHM
105979368,105966920,Troy University,CHM
105979368,105966921,Troy University,CHM
105979369,105966922,Troy University,CHM
105979370,105966923,Troy University,CHM
105076138,105062517,Troy University,CJ
105076138,105062518,Troy University,CJ
105076137,105062519,Troy University,CJ
105076136,105062520,Troy University,CJ
105979371,105966924,Troy University,CJ
105979372,105966925,Troy University,CJ
105076135,105062521,Troy University,CJ
105076134,105062522,Troy University,CJ
105076133,105062523,Troy University,CJ
105076132,105062524,Troy University,CJ
105076131,105062525,Troy University,CJ
105076130,105062526,Troy University,CJ
105076129,105062527,Troy University,CJ
105076128,105062528,Troy University,CJ
105076127,105062529,Troy University,CJ
105076126,105062530,Troy University,CJ
105076125,105062531,Troy University,CJ
105076124,105062532,Troy University,CJ
105979373,105966926,Troy University,CJ
106723839,106716084,Troy University,CJ
105076123,105062533,Troy University,CJ
105076110,105062608,Troy University,CLA
105076110,105062609,Troy University,CLA
105979374,105966927,Troy University,CLA
105076109,105062610,Troy University,CLA
105076122,105062592,Troy University,COM
105076122,105062593,Troy University,COM
105076121,105062594,Troy University,COM
105076120,105062595,Troy University,COM
105076120,105062596,Troy University,COM
105076120,105062597,Troy University,COM
105076120,105062598,Troy University,COM
105076119,105062599,Troy University,COM
105076118,105062600,Troy University,COM
105076117,105062601,Troy University,COM
105076116,105062602,Troy University,COM
105076115,105062603,Troy University,COM
105076114,105062604,Troy University,COM
105076113,105062605,Troy University,COM
105076112,105062606,Troy University,COM
105076111,105062607,Troy University,COM
105979375,105966928,Troy University,COOP
105076108,105062611,Troy University,CP
105076107,105062612,Troy University,CP
105076106,105062613,Troy University,CP
105076105,105062614,Troy University,CP
105076104,105062615,Troy University,CP
105076103,105062616,Troy University,CP
105076102,105062617,Troy University,CP
105076101,105062618,Troy University,CP
105076101,105062619,Troy University,CP
105076100,105062620,Troy University,CP
107539387,107538186,Troy University,CP
105076099,105062621,Troy University,CP
105076098,105062622,Troy University,CP
105076097,105062623,Troy University,CP
105076097,107832388,Troy University,CP
105076096,105062624,Troy University,CP
105076095,105062625,Troy University,CP
105076094,105062626,Troy University,CP
105076093,105062627,Troy University,CS
105076093,105062628,Troy University,CS
105076092,105062629,Troy University,CS
105076091,105062630,Troy University,CS
105076090,105062631,Troy University,CS
105076089,105062632,Troy University,CS
105076088,105062633,Troy University,CS
105979376,105966929,Troy University,CS
105076087,105062634,Troy University,CS
105076086,105062635,Troy University,CS
105076085,105062636,Troy University,CS
105076084,105062637,Troy University,CS
105076083,105062638,Troy University,CS
105076082,105062639,Troy University,CS
105076081,105062640,Troy University,CS
105076080,105062641,Troy University,CS
105076079,105062642,Troy University,CS
105076078,105062643,Troy University,CS
105979377,105966930,Troy University,CS
105076077,105062644,Troy University,CS
105076077,105062645,Troy University,CS
105076077,105062646,Troy University,CS
105076077,105062647,Troy University,CS
105076077,105062648,Troy University,CS
107514886,107510155,Troy University,CS
107514886,107832389,Troy University,CS
105076076,105062649,Troy University,CS
105075894,105062650,Troy University,CS
107172308,107164740,Troy University,CS
105075893,105062709,Troy University,CS
105979378,105966931,Troy University,CS
107051128,107164741,Troy University,CS
107051128,107048829,Troy University,CS
105075892,105062710,Troy University,DAN
105075891,105062711,Troy University,DAN
105075890,105062712,Troy University,DAN
105075889,105062713,Troy University,DAN
105075888,105062714,Troy University,DAN
105075887,105062715,Troy University,DAN
105075886,105062716,Troy University,DAN
105075885,105062717,Troy University,DAN
105075884,105062718,Troy University,DAN
105075883,105062719,Troy University,DAN
105075882,105062720,Troy University,DAN
105075881,105062721,Troy University,DAN
105075880,105062722,Troy University,DAN
105075879,105062723,Troy University,DAN
105075878,105062724,Troy University,DAN
105075877,105062725,Troy University,DAN
105075876,105062726,Troy University,DAN
105075875,105062727,Troy University,DAN
107844582,107832390,Troy University,DAN
105979379,105966932,Troy University,ECO
105979379,105966933,Troy University,ECO
105979380,105966934,Troy University,ECO
105979380,105966935,Troy University,ECO
107107273,107104501,Troy University,ECO
106428017,106426681,Troy University,ECO
105979381,105966936,Troy University,ECO
105979382,105966937,Troy University,ECO
105979383,105966938,Troy University,ECO
105979384,105966939,Troy University,ECO
107107274,107104502,Troy University,ECO
107209816,107208981,Troy University,ECO
107172309,107164742,Troy University,ECO
105979385,105966940,Troy University,ECO
105979386,105966941,Troy University,ECO
105979387,105966942,Troy University,ECO
105979388,105966943,Troy University,ECO
105979626,105966944,Troy University,ECO
107262993,107538187,Troy University,ECO
107262993,107261990,Troy University,ECO
105075874,105062728,Troy University,EDU
105075874,105062729,Troy University,EDU
105075874,105062730,Troy University,EDU
105075873,105062731,Troy University,EDU
105075873,105062732,Troy University,EDU
105075873,105062733,Troy University,EDU
105075872,105062734,Troy University,EDU
105075871,105062735,Troy University,EDU
105075871,105062736,Troy University,EDU
105075871,105062737,Troy University,EDU
105075871,105062738,Troy University,EDU
105075871,105062739,Troy University,EDU
105075870,105062740,Troy University,EDU
105075870,105062741,Troy University,EDU
105075870,105062742,Troy University,EDU
105075869,105062743,Troy University,EDU
105075869,106652154,Troy University,EDU
105075869,105062744,Troy University,EDU
105979627,105966945,Troy University,EDU
105075868,105062745,Troy University,EDU
106929038,106924798,Troy University,EDU
106667557,106652155,Troy University,EET
105979628,105966946,Troy University,EET
105979629,105966947,Troy University,EET
105979630,105966948,Troy University,EET
105979631,105966949,Troy University,EET
107844583,107832391,Troy University,EET
106723838,106716085,Troy University,EET
106723838,106716086,Troy University,EET
105979632,105966950,Troy University,EET
105979632,106716087,Troy University,EET
105979633,105966951,Troy University,EET
105979634,105966952,Troy University,EET
105075867,105062746,Troy University,ELE
105075867,106716088,Troy University,ELE
105075866,105062747,Troy University,ELE
105075866,106716089,Troy University,ELE
105075865,105062748,Troy University,ELE
105075865,107261991,Troy University,ELE
105075864,105062749,Troy University,ELE
105075864,105062750,Troy University,ELE
105075864,105062751,Troy University,ELE
105075864,105062752,Troy University,ELE
105075863,105062753,Troy University,ELE
105075863,107832392,Troy University,ELE
105075862,105062754,Troy University,ELE
105075861,105062755,Troy University,ELE
105075860,105062756,Troy University,ELE
106723837,106716090,Troy University,ELE
106723837,106924799,Troy University,ELE
106929037,106924800,Troy University,ELE
106929036,106924801,Troy University,ELE
105075859,105062757,Troy University,ENG
105075859,107504687,Troy University,ENG
105075859,107504688,Troy University,ENG
105075858,105062758,Troy University,ENG
105075858,105062759,Troy University,ENG
105075858,105062760,Troy University,ENG
105075858,105062761,Troy University,ENG
105075858,105062762,Troy University,ENG
105075858,105062763,Troy University,ENG
105075858,105062764,Troy University,ENG
105075858,105062765,Troy University,ENG
105075858,107832393,Troy University,ENG
105075857,105062766,Troy University,ENG
105075857,105062767,Troy University,ENG
105075857,105062826,Troy University,ENG
105075857,105062827,Troy University,ENG
105075857,105062828,Troy University,ENG
105075857,105062829,Troy University,ENG
105075857,105062830,Troy University,ENG
105075857,105062831,Troy University,ENG
105075857,105062832,Troy University,ENG
105075857,105062833,Troy University,ENG
105075857,105062834,Troy University,ENG
105075857,105062835,Troy University,ENG
105075857,105062836,Troy University,ENG
105075857,105062837,Troy University,ENG
105075857,105062838,Troy University,ENG
105075857,105062839,Troy University,ENG
105075857,105062840,Troy University,ENG
105075856,105062867,Troy University,ENG
105075856,105062868,Troy University,ENG
105075856,105062869,Troy University,ENG
105075856,105062870,Troy University,ENG
105075856,105062871,Troy University,ENG
105075856,105062872,Troy University,ENG
105075856,105062841,Troy University,ENG
105075856,105062842,Troy University,ENG
105075856,105062843,Troy University,ENG
105075856,105062844,Troy University,ENG
105075856,105062845,Troy University,ENG
105075856,105062846,Troy University,ENG
105075856,105062847,Troy University,ENG
105075856,105062848,Troy University,ENG
105075856,105062849,Troy University,ENG
105075856,105062850,Troy University,ENG
105075856,105062851,Troy University,ENG
105075856,105062852,Troy University,ENG
105075856,105062853,Troy University,ENG
105075856,105062854,Troy University,ENG
105075856,105062855,Troy University,ENG
105075856,105062856,Troy University,ENG
105075856,105062857,Troy University,ENG
105075856,105062858,Troy University,ENG
105075856,105062859,Troy University,ENG
105075856,105062860,Troy University,ENG
105075856,105062861,Troy University,ENG
105075856,105062862,Troy University,ENG
105075856,105062863,Troy University,ENG
105075856,105062864,Troy University,ENG
105075856,105062865,Troy University,ENG
105075856,105062866,Troy University,ENG
105075855,105062873,Troy University,ENG
105075855,105062874,Troy University,ENG
105075855,105062875,Troy University,ENG
105075855,105062876,Troy University,ENG
105075855,105062877,Troy University,ENG
105075855,105062878,Troy University,ENG
105075855,105062879,Troy University,ENG
105075855,105062880,Troy University,ENG
105075855,105062881,Troy University,ENG
105075854,105062882,Troy University,ENG
105075854,105062883,Troy University,ENG
105075854,105062998,Troy University,ENG
105075854,105062999,Troy University,ENG
105075854,105063000,Troy University,ENG
105075854,105063001,Troy University,ENG
105075854,105063002,Troy University,ENG
105075854,105063003,Troy University,ENG
105075853,105063004,Troy University,ENG
105075853,105063005,Troy University,ENG
105075853,105063006,Troy University,ENG
105075852,105063007,Troy University,ENG
105075852,105063008,Troy University,ENG
105075852,105063009,Troy University,ENG
105075851,105063010,Troy University,ENG
105075850,105063011,Troy University,ENG
105075849,105063012,Troy University,ENG
105075848,105063013,Troy University,ENG
105075847,105063014,Troy University,ENG
105075846,105063015,Troy University,ENG
105075845,105063016,Troy University,ENG
105075844,105063017,Troy University,ENG
105075843,105063018,Troy University,ENG
105075842,105063019,Troy University,ENG
105075842,105063020,Troy University,ENG
105075841,105063021,Troy University,ENG
105075840,105063022,Troy University,ENG
105075839,105063023,Troy University,ENG
105075838,105063024,Troy University,ENG
107297267,107296323,Troy University,ENG
105075837,105063025,Troy University,ENG
105075836,105063026,Troy University,ENG
105075835,105063027,Troy University,ENG
106667558,106652156,Troy University,ENG
105075834,105063028,Troy University,ENG
105075834,106849428,Troy University,ENG
105075833,105063029,Troy University,ENG
106723834,106716091,Troy University,ENG
106667559,106652157,Troy University,ENG
105979635,105967823,Troy University,ENT
107262988,107261996,Troy University,ESL
107262988,107261997,Troy University,ESL
107262987,107261998,Troy University,ESL
107262987,107261999,Troy University,ESL
107262986,107262000,Troy University,ESL
107262986,107262001,Troy University,ESL
107262985,107262002,Troy University,ESL
107262985,107262003,Troy University,ESL
107262984,107262004,Troy University,ESL
107262984,107262005,Troy University,ESL
107262983,107262006,Troy University,ESL
107262983,107262007,Troy University,ESL
107262982,107262008,Troy University,ESL
107262982,107262009,Troy University,ESL
107262981,107262010,Troy University,ESL
107262981,107262011,Troy University,ESL
107262980,107262012,Troy University,ESL
107262980,107262013,Troy University,ESL
107262979,107262014,Troy University,ESL
107262979,107262015,Troy University,ESL
107262978,107262016,Troy University,ESL
107262978,107262017,Troy University,ESL
107262977,107262018,Troy University,ESL
107262977,107262019,Troy University,ESL
107262976,107262020,Troy University,ESL
107262976,107262021,Troy University,ESL
107262975,107262022,Troy University,ESL
107262975,107262023,Troy University,ESL
107262974,107262024,Troy University,ESL
107262974,107262025,Troy University,ESL
107262973,107262026,Troy University,ESL
107262973,107262027,Troy University,ESL
107262972,107262028,Troy University,ESL
107262972,107262029,Troy University,ESL
107262971,107262030,Troy University,ESL
107262971,107262031,Troy University,ESL
107262970,107262032,Troy University,ESL
107262970,107262033,Troy University,ESL
107262969,107262034,Troy University,ESL
107262969,107262035,Troy University,ESL
107262968,107262036,Troy University,ESL
107262968,107262037,Troy University,ESL
107262967,107262038,Troy University,ESL
107262967,107262039,Troy University,ESL
107262966,107262040,Troy University,ESL
107262966,107262041,Troy University,ESL
107262965,107262042,Troy University,ESL
107262965,107262043,Troy University,ESL
107844594,107832449,Troy University,ESL
107844595,107832450,Troy University,ESL
107844596,107832451,Troy University,ESL
105979636,105967824,Troy University,FIN
105979636,105967825,Troy University,FIN
105979637,105967826,Troy University,FIN
106632283,106631070,Troy University,FIN
105979638,105967827,Troy University,FIN
105979639,105967828,Troy University,FIN
105979640,105967829,Troy University,FIN
105979641,105967830,Troy University,GEM
105979642,105967831,Troy University,GEM
105979643,105967832,Troy University,GEM
105979644,105967833,Troy University,GEM
105979645,105967834,Troy University,GEM
105979646,105967835,Troy University,GEM
105979647,105967836,Troy University,GEM
105979648,105967837,Troy University,GEM
105979649,105967838,Troy University,GEM
105979650,105967839,Troy University,GEM
105979651,105967840,Troy University,GEM
105979652,105967841,Troy University,GEM
105075832,105063030,Troy University,GEO
105075832,105063031,Troy University,GEO
105075831,105063032,Troy University,GEO
105075830,105063033,Troy University,GEO
105075829,105063034,Troy University,GEO
105075828,105063035,Troy University,GEO
105075827,105063036,Troy University,GEO
105075826,105063037,Troy University,GEO
105075825,105063038,Troy University,GEO
105075824,105063039,Troy University,GEO
105075823,105063040,Troy University,GIS
105075822,105063041,Troy University,GIS
105075821,105063042,Troy University,GIS
105075820,105063043,Troy University,GIS
105075819,105063044,Troy University,GIS
105075818,105063045,Troy University,GIS
105075817,105063046,Troy University,GIS
105075816,105063047,Troy University,GRK
105075815,105063048,Troy University,HIS
105075815,105063049,Troy University,HIS
105075815,105063050,Troy University,HIS
105075814,105063051,Troy University,HIS
105075814,105063052,Troy University,HIS
105075814,105063053,Troy University,HIS
105075814,105063054,Troy University,HIS
105075813,105063055,Troy University,HIS
105075813,105061734,Troy University,HIS
105075813,105061735,Troy University,HIS
105075813,105061736,Troy University,HIS
105075813,105061737,Troy University,HIS
105075813,105061738,Troy University,HIS
105075812,105061739,Troy University,HIS
105075812,105061740,Troy University,HIS
105075812,105061741,Troy University,HIS
105075812,105061742,Troy University,HIS
105075812,105061743,Troy University,HIS
105075812,105061744,Troy University,HIS
105075812,105061745,Troy University,HIS
105075812,105061746,Troy University,HIS
105075812,105061747,Troy University,HIS
105075812,105061748,Troy University,HIS
105075812,105061749,Troy University,HIS
105075811,105061750,Troy University,HIS
105075811,105061751,Troy University,HIS
105075811,105061752,Troy University,HIS
105075811,105061753,Troy University,HIS
105075811,105967842,Troy University,HIS
105075810,105061754,Troy University,HIS
105075810,105061755,Troy University,HIS
105075810,105061756,Troy University,HIS
105075809,105061757,Troy University,HIS
105075808,105061758,Troy University,HIS
105075807,105061759,Troy University,HIS
105075806,105061760,Troy University,HIS
105075805,105061761,Troy University,HIS
105075804,105061762,Troy University,HIS
105075803,105061763,Troy University,HIS
105075654,105061764,Troy University,HIS
105075653,105061765,Troy University,HIS
105075652,105061766,Troy University,HIS
105075651,105061767,Troy University,HIS
105979653,105967843,Troy University,HIS
106667560,106652158,Troy University,HON
106723833,106716092,Troy University,HPR
106723832,106716093,Troy University,HPR
106723831,106716094,Troy University,HPR
106723830,106716095,Troy University,HPR
106723829,106716096,Troy University,HPR
106723828,106716097,Troy University,HPR
106723827,106716098,Troy University,HPR
106723826,106716099,Troy University,HPR
106723825,106716100,Troy University,HPR
105979654,105967844,Troy University,HRM
105979654,105967845,Troy University,HRM
105979655,105967846,Troy University,HRM
105075650,105061768,Troy University,HS
105075649,105061769,Troy University,HS
105075649,105061770,Troy University,HS
105075648,105061771,Troy University,HS
105075647,105061772,Troy University,HS
105075647,105061773,Troy University,HS
105075646,105061774,Troy University,HS
105075645,105061775,Troy University,HS
105075645,105061776,Troy University,HS
105075644,105061777,Troy University,HS
105075643,105061778,Troy University,HS
105075642,105061779,Troy University,HS
105075641,105061780,Troy University,HS
105979656,105967847,Troy University,HSTM
105979656,105967848,Troy University,HSTM
105979657,105967849,Troy University,HSTM
105979658,105967850,Troy University,HSTM
105979659,105967851,Troy University,HSTM
105979660,105967852,Troy University,HSTM
105979660,105967853,Troy University,HSTM
106667561,106652159,Troy University,HSTM
106667561,107104503,Troy University,HSTM
105979661,105967854,Troy University,HSTM
105979662,105967855,Troy University,HSTM
105979663,105967856,Troy University,HSTM
105979664,105967857,Troy University,HSTM
105979665,105967858,Troy University,HSTM
105979666,105967859,Troy University,HSTM
105979667,105967860,Troy University,HSTM
105979668,105967861,Troy University,HSTM
105979669,105967862,Troy University,HSTM
105979670,105967863,Troy University,HSTM
105979671,105967864,Troy University,HSTM
105979672,105967865,Troy University,HSTM
105979673,105967866,Troy University,HSTM
105979674,105967867,Troy University,HSTM
105979675,105967868,Troy University,HSTM
105979675,105967869,Troy University,HSTM
105979676,105967870,Troy University,HSTM
105979677,105967595,Troy University,HSTM
105979678,105967596,Troy University,HSTM
105979679,105967597,Troy University,HSTM
105979680,105967598,Troy University,HSTM
105979681,105967599,Troy University,HSTM
105979682,105967600,Troy University,HSTM
107844584,107832380,Troy University,HSTM
106814713,106794658,Troy University,HSTM
107844585,107832381,Troy University,HSTM
105979683,105967601,Troy University,HSTM
105979683,105967602,Troy University,HSTM
107262992,107261992,Troy University,IA
105075637,105061787,Troy University,IA
105075636,105061788,Troy University,IA
105979684,105967603,Troy University,IDS
105979685,105967604,Troy University,IDS
105979686,105967605,Troy University,IDS
105979686,105967606,Troy University,IDS
105979686,107832385,Troy University,IDS
107262991,107261993,Troy University,IDS
107262990,107261994,Troy University,IDS
105075640,105061781,Troy University,IED
105075640,105061782,Troy University,IED
105075640,105061783,Troy University,IED
105075640,106652160,Troy University,IED
105075639,105061784,Troy University,IED
105075639,105061785,Troy University,IED
105075638,105061786,Troy University,IED
105979687,105967607,Troy University,IR
105979688,105967608,Troy University,IR
107844586,107832386,Troy University,IR
105979689,105967609,Troy University,IR
105979690,105967610,Troy University,IR
105979691,105967611,Troy University,IS
105979691,105967612,Troy University,IS
105979691,105967613,Troy University,IS
105979691,105967614,Troy University,IS
105979691,105967615,Troy University,IS
105979691,105967616,Troy University,IS
105979692,105967617,Troy University,IS
105979692,105967618,Troy University,IS
105979693,105967619,Troy University,IS
105979694,105967620,Troy University,IS
105979695,105967621,Troy University,IS
105979696,105967622,Troy University,IS
105979697,105967623,Troy University,IS
105979698,105967624,Troy University,IS
107539389,107538189,Troy University,IS
107539389,107832387,Troy University,IS
107297268,107296324,Troy University,IS
105075635,105061789,Troy University,ITP
105075634,105061790,Troy University,ITP
105075633,105061791,Troy University,ITP
107787727,107738326,Troy University,ITP
107297269,107296325,Troy University,ITP
107297270,107296326,Troy University,ITP
106723824,106716101,Troy University,JPN
105075614,105061811,Troy University,JPN
105075632,105061792,Troy University,JRN
105075632,105967625,Troy University,JRN
105075631,105061793,Troy University,JRN
105075630,105061794,Troy University,JRN
105075629,105061795,Troy University,JRN
105075628,105061796,Troy University,JRN
105075627,105061797,Troy University,JRN
105075626,105061798,Troy University,JRN
105075625,105061799,Troy University,JRN
105075624,105061800,Troy University,JRN
105075623,105061801,Troy University,JRN
105075622,105061802,Troy University,JRN
105075621,105061803,Troy University,JRN
105075620,105061804,Troy University,JRN
105075619,105061805,Troy University,JRN
105075618,105061806,Troy University,JRN
105075618,105061807,Troy University,JRN
105075617,105061808,Troy University,JRN
105075616,105061809,Troy University,JRN
105075615,105061810,Troy University,JRN
105979699,105967626,Troy University,KHP
105979699,105967627,Troy University,KHP
105979700,105967628,Troy University,KHP
105979700,105967629,Troy University,KHP
105979701,105967630,Troy University,KHP
105979701,105967631,Troy University,KHP
105979701,105967632,Troy University,KHP
105979702,105967633,Troy University,KHP
105979702,105967634,Troy University,KHP
105979703,105967635,Troy University,KHP
105979704,105967636,Troy University,KHP
105979704,105967637,Troy University,KHP
105979705,105967638,Troy University,KHP
105979705,105967639,Troy University,KHP
105979913,105967640,Troy University,KHP
105979913,105967641,Troy University,KHP
105979913,106652161,Troy University,KHP
105979914,105967642,Troy University,KHP
105979915,105967643,Troy University,KHP
105979915,105967644,Troy University,KHP
105979915,105967645,Troy University,KHP
105979916,105967646,Troy University,KHP
105979916,105967647,Troy University,KHP
105979916,105967648,Troy University,KHP
105979917,105967649,Troy University,KHP
105979917,105967650,Troy University,KHP
105979918,105967651,Troy University,KHP
105979919,105967652,Troy University,KHP
105979920,105967653,Troy University,KHP
105979920,105967654,Troy University,KHP
105979921,105967655,Troy University,KHP
105979921,106426682,Troy University,KHP
105979922,105967656,Troy University,KHP
105979923,105967657,Troy University,KHP
105979924,105967658,Troy University,KHP
105979925,105967659,Troy University,KHP
105979926,105967660,Troy University,KHP
106723823,106716102,Troy University,KHP
105979927,105967661,Troy University,KHP
105979928,105967662,Troy University,KHP
105979929,105967663,Troy University,KHP
105979930,105967664,Troy University,KHP
105979931,105967665,Troy University,KHP
105979932,105967666,Troy University,KHP
105979933,105967667,Troy University,KHP
105979934,105967668,Troy University,KHP
106254284,106652162,Troy University,KHP
106254284,106250281,Troy University,KHP
105979935,105967669,Troy University,KHP
105075613,105061812,Troy University,KHP
105979936,105967670,Troy University,KHP
105979937,105967671,Troy University,KHP
105979938,105967672,Troy University,KHP
105979938,105967673,Troy University,KHP
105979939,105967674,Troy University,KHP
105979940,105967675,Troy University,KHP
105979941,105967676,Troy University,KHP
105979942,105967677,Troy University,KHP
105979943,105967678,Troy University,KHP
105979944,105967679,Troy University,KHP
105979945,105967680,Troy University,KHP
105979946,105967681,Troy University,KHP
105979947,105967682,Troy University,KHP
105979948,105967683,Troy University,KHP
107338770,107337635,Troy University,KHP
105979949,105967684,Troy University,KHP
107573329,107570760,Troy University,KHP
105979950,105967685,Troy University,KHP
105979951,105967686,Troy University,KHP
105979952,105967687,Troy University,KHP
105979953,105967688,Troy University,KHP
105979953,105967689,Troy University,KHP
105979953,105967690,Troy University,KHP
105979954,105967691,Troy University,KHP
105979954,105967692,Troy University,KHP
105979955,105967693,Troy University,LAW
105979955,105967694,Troy University,LAW
105979955,105967695,Troy University,LAW
105979956,105967696,Troy University,LCL
105979956,105967697,Troy University,LCL
105979956,105967698,Troy University,LCL
105979957,105967699,Troy University,LCL
105075612,105061813,Troy University,LDR
105075612,105061814,Troy University,LDR
105075612,105061815,Troy University,LDR
105075612,105061816,Troy University,LDR
105075612,105061817,Troy University,LDR
105075612,105061818,Troy University,LDR
105075612,105061819,Troy University,LDR
105075612,105061820,Troy University,LDR
105075612,105061821,Troy University,LDR
105075612,105061822,Troy University,LDR
105075611,105061823,Troy University,LDR
105075611,105061824,Troy University,LDR
105075611,105061825,Troy University,LDR
105075611,105967700,Troy University,LDR
105075610,105061826,Troy University,LDR
105075610,105061827,Troy University,LDR
105075609,105061828,Troy University,LDR
105075609,105061829,Troy University,LDR
105075608,105061830,Troy University,LDR
105075607,105061831,Troy University,LDR
107297271,107296327,Troy University,LDR
105075606,105061832,Troy University,LGL
105979958,105967701,Troy University,MGT
105979958,105967702,Troy University,MGT
105979958,105967703,Troy University,MGT
105979959,105967704,Troy University,MGT
105979960,105967705,Troy University,MGT
105979960,105967706,Troy University,MGT
105979961,105967707,Troy University,MGT
105979962,105967708,Troy University,MGT
105979963,105967709,Troy University,MGT
105979964,105967710,Troy University,MGT
107844587,107832382,Troy University,MGT
105979965,105967711,Troy University,MKT
105979965,105967712,Troy University,MKT
105979965,105967713,Troy University,MKT
106723822,106716103,Troy University,MKT
105979966,105967714,Troy University,MKT
105979967,105967715,Troy University,MKT
105979968,105967716,Troy University,MKT
105979969,105967717,Troy University,MKT
105979970,105967718,Troy University,MKT
105979971,105967719,Troy University,MKT
105979972,105967720,Troy University,MKT
105979973,105967721,Troy University,MKT
105979974,105967722,Troy University,MKT
107398545,107396822,Troy University,MKT
107398544,107396823,Troy University,MKT
107398544,107570761,Troy University,MKT
107398544,107832383,Troy University,MKT
106723821,106716104,Troy University,MLS
106723820,106716105,Troy University,MLS
106723819,106716106,Troy University,MLS
106723818,106716107,Troy University,MLS
106929035,106924802,Troy University,MLS
106929034,106924803,Troy University,MLS
106723817,106716108,Troy University,MLS
106723816,106716109,Troy University,MLS
106929033,106924804,Troy University,MLS
106929032,106924805,Troy University,MLS
106723815,106716110,Troy University,MLS
106723814,106716111,Troy University,MLS
106929031,106924806,Troy University,MLS
106929030,106924807,Troy University,MLS
105075605,105061833,Troy University,MSL
105075604,105061834,Troy University,MSL
105075603,105061835,Troy University,MSL
105075602,105061836,Troy University,MSL
105075601,105061837,Troy University,MSL
105075600,105061838,Troy University,MSL
105075599,105061839,Troy University,MSL
105075598,105061840,Troy University,MSL
105075597,105061841,Troy University,MSL
105075596,105061842,Troy University,MTH
105075596,105061843,Troy University,MTH
105075596,105061844,Troy University,MTH
105075596,107832384,Troy University,MTH
105075595,105061845,Troy University,MTH
105075595,105061846,Troy University,MTH
105075595,105061847,Troy University,MTH
105075595,105061848,Troy University,MTH
105075595,105061849,Troy University,MTH
105075595,105061850,Troy University,MTH
105075595,105061851,Troy University,MTH
105075595,105061852,Troy University,MTH
105075595,105061853,Troy University,MTH
105075595,105061854,Troy University,MTH
105075595,105061855,Troy University,MTH
105075595,105061856,Troy University,MTH
105075595,105061857,Troy University,MTH
105075595,105061858,Troy University,MTH
105075594,105061859,Troy University,MTH
105075594,105061860,Troy University,MTH
105075594,105061861,Troy University,MTH
105075593,105061862,Troy University,MTH
105075593,105061863,Troy University,MTH
105075593,105061864,Troy University,MTH
105075593,105061865,Troy University,MTH
105075593,105061866,Troy University,MTH
105075593,105061867,Troy University,MTH
105075593,105061868,Troy University,MTH
105075593,105061869,Troy University,MTH
105075593,105061870,Troy University,MTH
105075593,105061871,Troy University,MTH
105075593,105061872,Troy University,MTH
105075593,105061873,Troy University,MTH
105075593,105061874,Troy University,MTH
105075593,105061875,Troy University,MTH
105075593,105061876,Troy University,MTH
105075593,105061877,Troy University,MTH
105075592,105061878,Troy University,MTH
105075592,105061879,Troy University,MTH
105075592,105061880,Troy University,MTH
105075591,105061881,Troy University,MTH
105075591,105061882,Troy University,MTH
105075591,105061883,Troy University,MTH
105075590,105061884,Troy University,MTH
105075590,105061885,Troy University,MTH
105075589,105061886,Troy University,MTH
105075588,105061887,Troy University,MTH
105075587,105061888,Troy University,MTH
105075586,105061889,Troy University,MTH
105075585,105061890,Troy University,MTH
105075585,105061891,Troy University,MTH
105075584,105061892,Troy University,MTH
105075584,105061893,Troy University,MTH
105075583,105061894,Troy University,MTH
105075582,105061895,Troy University,MTH
105075581,105061896,Troy University,MTH
105075580,105061897,Troy University,MTH
105075579,105061898,Troy University,MTH
105075578,105061899,Troy University,MTH
105075577,105061900,Troy University,MTH
105075576,105061901,Troy University,MTH
105075575,105061902,Troy University,MTH
105075574,105061903,Troy University,MTH
105075434,105062032,Troy University,MUI
105075434,105062033,Troy University,MUI
105075433,105062034,Troy University,MUI
105075432,105062035,Troy University,MUI
105075431,105062036,Troy University,MUI
105075430,105062037,Troy University,MUI
105075429,105062038,Troy University,MUI
105075428,105062039,Troy University,MUI
105075427,105062040,Troy University,MUI
105075426,105062041,Troy University,MUI
105075425,105062042,Troy University,MUI
105075424,105062043,Troy University,MUI
105075423,105062044,Troy University,MUI
105075422,105062045,Troy University,MUI
105075421,105062046,Troy University,MUI
107844590,107832401,Troy University,MUI
107844590,107832402,Troy University,MUI
107844590,107832403,Troy University,MUI
107844591,107832404,Troy University,MUI
107844591,107832405,Troy University,MUI
105075420,105062047,Troy University,MUI
105075573,105061904,Troy University,MUS
105075572,105061905,Troy University,MUS
105075572,105061906,Troy University,MUS
105075572,105061907,Troy University,MUS
105075571,105061908,Troy University,MUS
105075570,105061909,Troy University,MUS
105075570,105061910,Troy University,MUS
105075570,105061911,Troy University,MUS
105075570,105061912,Troy University,MUS
105075569,105061913,Troy University,MUS
105075568,105061914,Troy University,MUS
105075568,105061915,Troy University,MUS
105075568,105061916,Troy University,MUS
105075567,105061917,Troy University,MUS
105075567,106849429,Troy University,MUS
105075567,107832396,Troy University,MUS
105075567,107832397,Troy University,MUS
105075566,105061918,Troy University,MUS
105075566,105061919,Troy University,MUS
105075566,105061920,Troy University,MUS
105075566,106435808,Troy University,MUS
105075566,107063795,Troy University,MUS
105075565,105061921,Troy University,MUS
105075564,105061922,Troy University,MUS
105075473,105061923,Troy University,MUS
105075472,105061924,Troy University,MUS
105075471,105061925,Troy University,MUS
105075470,105061926,Troy University,MUS
105075469,105061927,Troy University,MUS
105075468,105061928,Troy University,MUS
105075467,105061929,Troy University,MUS
105075466,105061930,Troy University,MUS
105075465,105061931,Troy University,MUS
105075464,105061932,Troy University,MUS
105075464,105061933,Troy University,MUS
105075463,105061934,Troy University,MUS
105075463,107296328,Troy University,MUS
105075462,105061935,Troy University,MUS
105075462,105061936,Troy University,MUS
105075462,105061937,Troy University,MUS
105075462,105061938,Troy University,MUS
105075461,105061939,Troy University,MUS
105075460,105061940,Troy University,MUS
105075459,105061941,Troy University,MUS
105075458,105061942,Troy University,MUS
105075458,105061943,Troy University,MUS
105075457,105061944,Troy University,MUS
105075456,105061945,Troy University,MUS
105075455,105061946,Troy University,MUS
105075454,105061947,Troy University,MUS
105075454,107296329,Troy University,MUS
105075453,105061948,Troy University,MUS
105075452,105061949,Troy University,MUS
105075452,105061950,Troy University,MUS
105075451,105061951,Troy University,MUS
105075450,105061952,Troy University,MUS
105075449,105061953,Troy University,MUS
105075448,105061954,Troy University,MUS
105075447,105061955,Troy University,MUS
105075446,105061956,Troy University,MUS
105075445,105061957,Troy University,MUS
105075444,105061958,Troy University,MUS
105075443,105061959,Troy University,MUS
105075442,105061960,Troy University,MUS
105075441,105061961,Troy University,MUS
105075440,105061962,Troy University,MUS
105075439,105061963,Troy University,MUS
105075438,105061964,Troy University,MUS
105075438,105061965,Troy University,MUS
105075437,105062024,Troy University,MUS
105075437,105062025,Troy University,MUS
105075437,105062026,Troy University,MUS
105075437,105062027,Troy University,MUS
105075437,105062028,Troy University,MUS
105075436,105062029,Troy University,MUS
105075436,105062030,Troy University,MUS
105979975,105967723,Troy University,MUS
105979975,107337636,Troy University,MUS
105979976,105967724,Troy University,MUS
105979977,105967725,Troy University,MUS
105979978,105967726,Troy University,MUS
105979978,105967727,Troy University,MUS
105979979,105967728,Troy University,MUS
105979980,105967729,Troy University,MUS
105979981,105967730,Troy University,MUS
105979982,105967731,Troy University,MUS
105979983,105967732,Troy University,MUS
105979984,105967733,Troy University,MUS
105979985,105967734,Troy University,MUS
105979986,105967735,Troy University,MUS
105979987,105967736,Troy University,MUS
105979988,105967737,Troy University,MUS
105979989,105967738,Troy University,MUS
105979990,105967739,Troy University,MUS
105979991,105967740,Troy University,MUS
105979992,105967741,Troy University,MUS
105979993,105967742,Troy University,MUS
105979994,105967743,Troy University,MUS
105979995,105967744,Troy University,MUS
105979996,105967745,Troy University,MUS
105979997,105967746,Troy University,MUS
105979998,105967747,Troy University,MUS
105979999,105967748,Troy University,MUS
105980000,105967749,Troy University,MUS
105980092,105967750,Troy University,MUS
105980093,105967751,Troy University,MUS
105980093,106556010,Troy University,MUS
105980094,105967752,Troy University,MUS
105980095,105967753,Troy University,MUS
105980096,105967754,Troy University,MUS
105980096,105967755,Troy University,MUS
105980097,105967756,Troy University,MUS
105980098,105967757,Troy University,MUS
105980099,105967758,Troy University,MUS
105980100,105967759,Troy University,MUS
105980101,105967760,Troy University,MUS
105980102,105967761,Troy University,MUS
105980103,105967762,Troy University,MUS
105980104,105967763,Troy University,MUS
105980105,105967764,Troy University,MUS
105980106,105967765,Troy University,MUS
105980107,105967766,Troy University,MUS
105980108,105967767,Troy University,MUS
105980109,105967768,Troy University,MUS
105980110,105967769,Troy University,MUS
105980111,105967770,Troy University,MUS
105980112,105967771,Troy University,MUS
105075435,105062031,Troy University,MUS
107844588,107832398,Troy University,MUS
105980113,105967772,Troy University,MUS
105980114,105967773,Troy University,MUS
105980115,105967774,Troy University,MUS
105980115,105967775,Troy University,MUS
105980115,107832399,Troy University,MUS
105980116,105967776,Troy University,MUS
105980117,105967777,Troy University,MUS
105980118,105967778,Troy University,MUS
105980119,105967779,Troy University,MUS
105980120,105967780,Troy University,MUS
105980121,105967781,Troy University,MUS
105980122,105967782,Troy University,MUS
105980123,105967783,Troy University,MUS
105980124,105967784,Troy University,MUS
105980125,105967785,Troy University,MUS
105980126,105967786,Troy University,MUS
105980127,105967787,Troy University,MUS
105980128,105967788,Troy University,MUS
105980129,105967789,Troy University,MUS
107844589,107832400,Troy University,MUS
105980130,105967790,Troy University,MUS
105075419,105967791,Troy University,NSG
105075419,105062048,Troy University,NSG
105980131,105967792,Troy University,NSG
105980131,105967793,Troy University,NSG
105980132,105967794,Troy University,NSG
105980133,105967795,Troy University,NSG
105980133,105967796,Troy University,NSG
105980133,105967797,Troy University,NSG
105980134,105967798,Troy University,NSG
105980135,105967799,Troy University,NSG
105980136,105967800,Troy University,NSG
105980136,105967801,Troy University,NSG
105075418,105062049,Troy University,NSG
105980137,105967802,Troy University,NSG
105075417,105062050,Troy University,NSG
105075417,105062051,Troy University,NSG
105075416,105062052,Troy University,NSG
105980138,105967803,Troy University,NSG
105980138,105967804,Troy University,NSG
105980138,105967805,Troy University,NSG
105980139,105967806,Troy University,NSG
105980139,105967807,Troy University,NSG
105980140,105967808,Troy University,NSG
105980141,105967809,Troy University,NSG
105980142,105967810,Troy University,NSG
105980143,105967811,Troy University,NSG
105980144,105967812,Troy University,NSG
105980145,105967813,Troy University,NSG
105980146,105967814,Troy University,NSG
105980147,105967815,Troy University,NSG
105980148,105967816,Troy University,NSG
105980149,105967817,Troy University,NSG
105075415,105062053,Troy University,NSG
107172310,107164809,Troy University,NSG
105075414,105062054,Troy University,NSG
105075414,105062055,Troy University,NSG
105075413,105062056,Troy University,NSG
105075412,105062057,Troy University,NSG
105075412,105062058,Troy University,NSG
105075411,105062059,Troy University,NSG
105075410,105062060,Troy University,NSG
105075410,105062061,Troy University,NSG
105075409,105062062,Troy University,NSG
105075408,105062063,Troy University,NSG
105075408,105062064,Troy University,NSG
105075407,105062065,Troy University,NSG
105075407,105062066,Troy University,NSG
105075406,105062067,Troy University,NSG
105075405,105062068,Troy University,NSG
105075404,105062069,Troy University,NSG
105075403,105062070,Troy University,NSG
105075402,105062071,Troy University,NSG
105075402,105062072,Troy University,NSG
105075401,105062073,Troy University,NSG
105075400,105062074,Troy University,NSG
105075399,105062075,Troy University,NSG
105075398,105062076,Troy University,NSG
105075397,105967818,Troy University,NSG
105075397,105062077,Troy University,NSG
105980150,105967819,Troy University,NSG
105075396,105062078,Troy University,NSG
105075395,105062079,Troy University,NSG
105075394,105062080,Troy University,NSG
105075393,105062081,Troy University,NSG
105075392,105062140,Troy University,NSG
105075391,105062141,Troy University,NSG
105075390,105062142,Troy University,NSG
105075389,105062143,Troy University,NSG
105075388,105062144,Troy University,NSG
105075387,105062145,Troy University,NSG
105075386,105062146,Troy University,NSG
105980151,105967820,Troy University,NSG
105980152,105967821,Troy University,NSG
105980153,105967822,Troy University,NSG
105980154,105967372,Troy University,NSG
105980154,105967373,Troy University,NSG
105980155,105967374,Troy University,NSG
105980155,105967375,Troy University,NSG
105980156,105967376,Troy University,NSG
105980156,105967377,Troy University,NSG
105980157,105967378,Troy University,NSG
105980157,105967379,Troy University,NSG
105980158,105967380,Troy University,NSG
105980158,105967381,Troy University,NSG
105980159,105967382,Troy University,NSG
105980160,105967383,Troy University,NSG
105980160,105967384,Troy University,NSG
105980161,105967385,Troy University,NSG
105980162,105967386,Troy University,NSG
105980162,105967387,Troy University,NSG
105980163,105967388,Troy University,NSG
105980163,105967389,Troy University,NSG
105980164,105967390,Troy University,NSG
105980164,105967391,Troy University,NSG
105980165,105967392,Troy University,NSG
105980165,105967393,Troy University,NSG
105980166,105967394,Troy University,NSG
105980166,107104504,Troy University,NSG
105980167,105967395,Troy University,NSG
105980167,105967396,Troy University,NSG
105980168,105967397,Troy University,NSG
105980168,105967398,Troy University,NSG
105980169,105967399,Troy University,NSG
105980170,105967400,Troy University,NSG
105980171,105967401,Troy University,NSG
105980172,105967402,Troy University,NSG
105980173,105967403,Troy University,NSG
105980174,105967404,Troy University,NSG
105980175,105967405,Troy University,NSG
105980176,105967406,Troy University,NSG
105980176,105967407,Troy University,NSG
105980176,105967408,Troy University,NSG
105980177,105967409,Troy University,NSG
105980177,105967410,Troy University,NSG
105980177,105967411,Troy University,NSG
105980178,105967412,Troy University,NSG
107844592,107832406,Troy University,PA
105980179,105967413,Troy University,PA
107844593,107832407,Troy University,PA
105980278,105967414,Troy University,PA
105075385,105062147,Troy University,PHI
105075385,105062148,Troy University,PHI
105075384,105062149,Troy University,PHI
105075383,105062150,Troy University,PHI
105980279,105967415,Troy University,PHY
105980280,105967416,Troy University,PHY
105980280,105967417,Troy University,PHY
105980281,105967418,Troy University,PHY
105980282,105967419,Troy University,PHY
105980283,105967420,Troy University,PHY
105980284,105967421,Troy University,PHY
105980285,105967422,Troy University,PHY
105980286,105967423,Troy University,PHY
107262989,107261995,Troy University,PHY
107262989,107688267,Troy University,PHY
105980287,105967424,Troy University,PHY
105980287,105967425,Troy University,PHY
105980288,105967426,Troy University,PHY
105980288,105967427,Troy University,PHY
105980288,105967428,Troy University,PHY
105980288,105967429,Troy University,PHY
105980289,105967430,Troy University,PHY
105980290,105967431,Troy University,PHY
105980291,105967432,Troy University,PHY
105980292,105967433,Troy University,POL
105980292,105967434,Troy University,POL
105980292,105967435,Troy University,POL
105980293,105967436,Troy University,POL
105980294,105967437,Troy University,POL
105980295,105967438,Troy University,POL
105980296,105967439,Troy University,POL
106632282,106631071,Troy University,POL
105980297,105967440,Troy University,POL
105980298,105967441,Troy University,POL
105980299,105967442,Troy University,POL
105980300,105967443,Troy University,POL
105980301,105967444,Troy University,POL
106861631,106849430,Troy University,POL
107377112,107375927,Troy University,POL
107377113,107375928,Troy University,POL
107377113,107832394,Troy University,POL
107377113,107832395,Troy University,POL
105980302,105967445,Troy University,POL
105074245,105062151,Troy University,PRJ
105074244,105062152,Troy University,PRJ
105074243,105062153,Troy University,PRJ
105074242,105062154,Troy University,PRJ
105074241,105062155,Troy University,PSY
105074241,105062156,Troy University,PSY
105074240,105062157,Troy University,PSY
105074240,105062158,Troy University,PSY
105074240,105062159,Troy University,PSY
105074240,105062160,Troy University,PSY
105074240,105062161,Troy University,PSY
105074239,105062162,Troy University,PSY
105074239,105062163,Troy University,PSY
105074238,105062164,Troy University,PSY
105074238,105062165,Troy University,PSY
105074238,105062166,Troy University,PSY
105074238,105062167,Troy University,PSY
105074237,105062168,Troy University,PSY
105074237,105062169,Troy University,PSY
105074236,105062170,Troy University,PSY
105074235,105062171,Troy University,PSY
105074234,105062172,Troy University,PSY
106723813,106716112,Troy University,PSY
105074233,105062173,Troy University,PSY
105074232,105062174,Troy University,PSY
105074231,105062175,Troy University,PSY
105074230,105062176,Troy University,PSY
105074230,105062177,Troy University,PSY
105074229,105062178,Troy University,PSY
105074229,105062179,Troy University,PSY
105074228,105062180,Troy University,PSY
105074227,105062181,Troy University,PSY
105074226,105062182,Troy University,PSY
105074225,105062183,Troy University,PSY
105074224,105062184,Troy University,PSY
105074223,105062185,Troy University,PSY
105074222,105062186,Troy University,PSY
105074221,105062187,Troy University,PSY
105074220,105062188,Troy University,PSY
105074219,105062189,Troy University,PSY
106861632,106849431,Troy University,PSY
106861632,107345847,Troy University,PSY
105074217,105062191,Troy University,PSY
105074216,105062192,Troy University,PSY
105074215,105062193,Troy University,PSY
105980303,105967446,Troy University,QM
105980303,105967447,Troy University,QM
105980304,105967448,Troy University,QM
105980305,105967449,Troy University,QM
105980305,105967450,Troy University,QM
105980305,105967451,Troy University,QM
105074214,105062194,Troy University,RED
105074214,106652175,Troy University,RED
105074213,105062195,Troy University,RED
105074212,105062196,Troy University,RED
105074212,105062197,Troy University,RED
105074211,105062255,Troy University,RED
105074210,105062256,Troy University,RED
106929029,106924808,Troy University,RED
106929028,106924809,Troy University,RED
105074209,105062257,Troy University,REL
105074209,106652176,Troy University,REL
105074207,105062259,Troy University,RHB
105074206,105062260,Troy University,RHB
105074205,105062261,Troy University,RHB
105074204,105062262,Troy University,RHB
105074203,105062263,Troy University,RHB
105074202,105062264,Troy University,RHB
105074202,105062265,Troy University,RHB
105074201,105062266,Troy University,RHB
105074200,105062267,Troy University,RHB
105074199,105062268,Troy University,RHB
105980306,105967452,Troy University,RMI
105980307,105967453,Troy University,RMI
105980308,105967454,Troy University,RMI
105980309,105967455,Troy University,RMI
106861633,106849432,Troy University,RMI
105980310,105967456,Troy University,RMI
105074198,105062269,Troy University,RUS
105980311,105967457,Troy University,SCI
105980312,105967458,Troy University,SCI
105980312,105967459,Troy University,SCI
105980312,105967460,Troy University,SCI
105980312,105967461,Troy University,SCI
105980313,105967462,Troy University,SCI
105980313,105967463,Troy University,SCI
105980314,105967464,Troy University,SCI
105074197,105062270,Troy University,SCI
105980315,105967465,Troy University,SCI
105980316,105967466,Troy University,SCI
105980316,105967467,Troy University,SCI
105980316,105967468,Troy University,SCI
105980316,105967469,Troy University,SCI
105980316,105967470,Troy University,SCI
105980316,105967471,Troy University,SCI
105980316,105967472,Troy University,SCI
105980316,105967473,Troy University,SCI
105980317,105967474,Troy University,SCI
105980317,105967475,Troy University,SCI
105980317,105967476,Troy University,SCI
105980317,105967477,Troy University,SCI
105980318,105967478,Troy University,SCI
105074196,105062271,Troy University,SED
105074196,105062272,Troy University,SED
105074195,105062274,Troy University,SED
105074194,105062276,Troy University,SED
105073881,105063180,Troy University,SL
105073880,105063181,Troy University,SL
107589120,107579813,Troy University,SL
105073879,105063182,Troy University,SL
105073878,105063183,Troy University,SL
105073877,105063184,Troy University,SL
107172311,107164815,Troy University,SM
105980319,105967479,Troy University,SM
105980320,105967480,Troy University,SM
105980321,105967481,Troy University,SM
105980321,107538190,Troy University,SM
105980322,105967482,Troy University,SM
105980323,105967483,Troy University,SM
105980324,105967484,Troy University,SM
107539394,107538191,Troy University,SM
107539395,107538192,Troy University,SM
105074193,105062277,Troy University,SOC
105074193,105062278,Troy University,SOC
105074192,105062279,Troy University,SOC
105074191,105062280,Troy University,SOC
105074190,105062281,Troy University,SOC
105074189,105062282,Troy University,SOC
105074188,105062283,Troy University,SOC
107338771,107337637,Troy University,SOC
105074187,105062284,Troy University,SOC
105074186,105062286,Troy University,SPE
105074186,105062287,Troy University,SPE
105074185,105062288,Troy University,SPE
105074184,105062289,Troy University,SPE
105074183,105062290,Troy University,SPE
105074182,105062291,Troy University,SPE
105074181,105062292,Troy University,SPE
105074180,105062293,Troy University,SPE
105074179,105062294,Troy University,SPE
105074178,105062295,Troy University,SPN
105074178,105062296,Troy University,SPN
105074178,105062297,Troy University,SPN
105074178,105062298,Troy University,SPN
105074177,105062299,Troy University,SPN
105074177,105062300,Troy University,SPN
105074176,105062301,Troy University,SPN
105074175,105062302,Troy University,SPN
105074174,105062303,Troy University,SPN
107338772,107337638,Troy University,SPN
105074173,105062304,Troy University,SPN
105074172,105062305,Troy University,SPN
107005144,106989078,Troy University,SPN
105074171,105062306,Troy University,SS
105074170,105062307,Troy University,SS
105074169,105062308,Troy University,SS
105074168,105062309,Troy University,SS
105980325,105967485,Troy University,SS
105074167,105062310,Troy University,SS
105980326,105967486,Troy University,STAT
105980326,105967487,Troy University,STAT
105980326,105967488,Troy University,STAT
105980326,105967489,Troy University,STAT
105980327,105967490,Troy University,STAT
105980328,105967491,Troy University,STAT
105074166,105062311,Troy University,SWK
105074166,105062312,Troy University,SWK
105074165,105062371,Troy University,SWK
105074164,105063167,Troy University,SWK
105074163,105063168,Troy University,SWK
105074162,105063169,Troy University,SWK
105074161,105063170,Troy University,SWK
105074160,105063171,Troy University,SWK
105074159,105063172,Troy University,SWK
105074158,105063173,Troy University,SWK
105074157,105063174,Troy University,SWK
105074156,105063175,Troy University,SWK
105074155,105063176,Troy University,SWK
105073884,105063177,Troy University,SWK
105073883,105063178,Troy University,SWK
105073882,105063179,Troy University,SWK
105980329,105967492,Troy University,SWK
105980330,105967493,Troy University,SWK
105980331,105967494,Troy University,SWK
105980332,105967495,Troy University,SWK
105980333,105967496,Troy University,SWK
105076356,105062477,Troy University,THE
105076355,105062478,Troy University,THE
105076355,105062479,Troy University,THE
105076354,105062480,Troy University,THE
105979354,105967025,Troy University,THE
105076353,105062481,Troy University,THE
105076352,105062482,Troy University,THE
105076351,105062483,Troy University,THE
105076350,105062484,Troy University,THE
105076168,105062485,Troy University,THE
105076167,105062486,Troy University,THE
105076166,105062487,Troy University,THE
105076165,105062488,Troy University,THE
105076164,105062489,Troy University,THE
105076164,105062490,Troy University,THE
105076163,105062491,Troy University,THE
105076163,105062492,Troy University,THE
105979355,105967026,Troy University,THE
105076162,105062493,Troy University,THE
105076161,105062494,Troy University,THE
106861629,106849425,Troy University,THE
105076160,105062495,Troy University,THE
105076159,105062496,Troy University,THE
105076158,105062497,Troy University,THE
105076158,106849426,Troy University,THE
105076157,105062498,Troy University,THE
105076156,105062499,Troy University,THE
105076155,105062500,Troy University,THE
105076154,105062501,Troy University,THE
105076153,105062502,Troy University,THE
105076152,105062503,Troy University,THE
105076151,105062504,Troy University,THE
105076151,106556043,Troy University,THE
105076150,105062505,Troy University,THE
105076149,105062506,Troy University,THE
105076148,105062507,Troy University,THE
105076147,105062508,Troy University,THE
105076146,105062509,Troy University,THE
105076145,105062510,Troy University,THE
105076144,105062511,Troy University,THE
105076143,105062512,Troy University,THE
105076142,105062513,Troy University,THE
105076141,105062514,Troy University,THE
107844580,107832332,Troy University,THE
107844581,107832333,Troy University,THE
107844581,107832334,Troy University,THE
107844581,107832335,Troy University,THE
107844581,107832336,Troy University,THE
107262994,107261989,Troy University,THE
105980334,105967497,Troy University,TROY
105980334,105967498,Troy University,TROY
105980334,105967499,Troy University,TROY
105980334,105967500,Troy University,TROY
105980335,105967501,Troy University,TROY
105980335,105967502,Troy University,TROY
105980335,105967503,Troy University,TROY
105980335,105967504,Troy University,TROY
105980335,105967505,Troy University,TROY
105980335,105967506,Troy University,TROY
105980336,105967507,Troy University,TROY
105980336,105967508,Troy University,TROY
105980336,105967509,Troy University,TROY
105980336,105967510,Troy University,TROY
105980336,105967511,Troy University,TROY
105980336,106957376,Troy University,TROY
105980336,106957377,Troy University,TROY
105980337,105967512,Troy University,UAS
